,all feautres,nadh features,top_4,top_3,top_2,top_1,redox
0,0.921994884910486,0.9034526854219949,0.9143222506393862,0.8785166240409207,0.8375959079283888,0.6873401534526854,0.6202046035805626
