,all feautres,nadh features,top_4,top_3,top_2,top_1,redox
0,0.9286474973375932,0.9169329073482428,0.9116080937167199,0.8881789137380192,0.8487752928647497,0.6677316293929713,0.6389776357827476
