,all feautres,nadh features,top_4,top_3,top_2,top_1,redox
0,0.924860853432282,0.9053803339517625,0.9063079777365491,0.87569573283859,0.8423005565862709,0.6799628942486086,0.608534322820037
