labels,data
NADH_a1,27.09724892
NADH_t1,14.60833492
Norm_RR,14.35222033
NADH_t2,12.59963096
NADH_tm,12.21254035
FAD_a1,5.579287284
FAD_t1,5.028010934
FAD_tm,4.618248446
FAD_t2,3.904477865
