labels,data
NADH_a1,18.67039171
NADH_t1,15.46904819
NADH_tm,13.35411309
FAD_tm,12.48525103
FAD_t1,11.78004122
Norm_RR,11.56414632
FAD_a1,8.06474232
NADH_t2,4.914913298
FAD_t2,3.697352833
