labels,data
All features,0.927456382
Top 4 features,0.906795225
NAD(P)H features,0.905417815
Top 3 features,0.890725436
Top 2 features,0.861799816
Top feature,0.69513315
Redox Ratio,0.665748393
