,all feautres,nadh features,top_4,top_3,top_2,top_1,redox
0,0.9274563820018366,0.9054178145087236,0.9067952249770431,0.8907254361799817,0.8617998163452709,0.6951331496786042,0.6657483930211203
