labels,data
FAD_tm,28.53823349
FAD_t1,26.28375406
NADH_tm,16.50622148
FAD_a1,10.32925538
NADH_t1,8.246298194
Norm_RR,4.673112969
NADH_a1,3.732230218
FAD_t2,0.892024108
NADH_t2,0.798870099
