labels,data
FAD_t1,36.38767379
FAD_tm,22.52202417
FAD_a1,15.80503446
Norm_RR,6.761911948
NADH_tm,5.648452314
NADH_t1,5.385947789
NADH_a1,3.149160602
NADH_t2,2.679777549
FAD_t2,1.660017381
