labels,data
FAD_t1,38.32120456
FAD_tm,15.7752198
NADH_tm,13.64070722
FAD_a1,7.777268729
NADH_t1,7.582544458
NADH_a1,5.856267036
Norm_RR,4.962553576
NADH_t2,4.302771351
FAD_t2,1.781463281
