labels,data
FAD_tm,23.14887272
FAD_t1,20.7685855
NADH_tm,20.5899991
NADH_a1,17.00482082
NADH_t1,7.676117667
NADH_t2,4.85181545
Norm_RR,2.703556935
FAD_a1,2.048624064
FAD_t2,1.207607741
