labels,data
NADH_a1,41.71642101
NADH_tm,23.31194607
FAD_t2,7.960985792
NADH_t1,7.684464069
NADH_t2,6.364236365
Norm_RR,6.350533064
FAD_a1,2.498601897
FAD_t1,2.361451544
FAD_tm,1.751360184
