,all features,nadh_features,top_4,top_3,top_2,top_1,redox
0,0.9338842975206612,0.9256198347107438,0.9338842975206612,0.931129476584022,0.9201101928374655,0.8898071625344353,0.6336088154269972
