,all features,NADH features,top 4,top 3,top 2,top 1
0,0.9264305177111717,0.9155313351498637,0.9237057220708447,0.8937329700272479,0.8119891008174387,0.6158038147138964
