labels,data
All,0.977621483
Top variable,0.85741688
Top 2 variables,0.906649616
Top 3 variables,0.928388747
Top 4 variables,0.964194373
NADH_tm,0.898976982
Norm_RR,0.563299233
NADH_a1,0.640025575
