labels,data
All variables ,0.917355372
Top 4 variables,0.887052342
NADH variables,0.872359963
Top 3 variables,0.862258953
Top 2 variables,0.809917355
Top variable,0.60835629
Redox Ratio,0.377410468
